{"cameraMode":{"drawMode":0,"name":"Shaded","section":"Shading Mode"},"sceneLighting":false,"audioPlay":false,"sceneViewState":{"m_AlwaysRefresh":false,"showFog":true,"showSkybox":false,"showFlares":true,"showImageEffects":true,"showParticleSystems":true,"showVisualEffectGraphs":true,"m_FxEnabled":true},"in2DMode":false,"pivot":{"x":-0.014465034008026123,"y":0.7496008276939392,"z":-0.4261820316314697},"rotation":{"x":0.0005840270314365625,"y":-0.9988913536071777,"z":0.012884308584034443,"w":0.04527725279331207},"size":0.9223482012748718,"orthographic":true}