{"cameraMode":{"drawMode":0,"name":"Shaded","section":"Shading Mode"},"sceneLighting":false,"audioPlay":false,"sceneViewState":{"m_AlwaysRefresh":false,"showFog":true,"showSkybox":false,"showFlares":true,"showImageEffects":true,"showParticleSystems":true,"showVisualEffectGraphs":true,"m_FxEnabled":true},"in2DMode":false,"pivot":{"x":1.1920928955078126e-7,"y":0.7983821630477905,"z":0.09632088243961334},"rotation":{"x":0.5143014192581177,"y":0.47231385111808779,"z":-0.4180260896682739,"w":0.5810912251472473},"size":0.3597213625907898,"orthographic":true}