{"cameraMode":{"drawMode":0,"name":"Shaded","section":"Shading Mode"},"sceneLighting":false,"audioPlay":false,"sceneViewState":{"m_AlwaysRefresh":false,"showFog":true,"showSkybox":false,"showFlares":true,"showImageEffects":true,"showParticleSystems":true,"showVisualEffectGraphs":true,"m_FxEnabled":true},"in2DMode":false,"pivot":{"x":-0.23307964205741883,"y":0.7200489044189453,"z":-0.5034387111663818},"rotation":{"x":0.0013061559293419123,"y":-0.998427152633667,"z":0.0494622103869915,"w":0.02636272832751274},"size":0.9068763256072998,"orthographic":true}