{"cameraMode":{"drawMode":0,"name":"Shaded","section":"Shading Mode"},"sceneLighting":true,"audioPlay":false,"sceneViewState":{"m_AlwaysRefresh":false,"showFog":true,"showSkybox":true,"showFlares":true,"showImageEffects":true,"showParticleSystems":true,"showVisualEffectGraphs":true,"m_FxEnabled":true},"in2DMode":false,"pivot":{"x":0.5798735618591309,"y":0.48095813393592837,"z":-0.00693356990814209},"rotation":{"x":0.271920770406723,"y":-0.15220829844474793,"z":0.043603379279375079,"w":0.9492059946060181},"size":0.3569331169128418,"orthographic":true}