{"cameraMode":{"drawMode":0,"name":"Shaded","section":"Shading Mode"},"sceneLighting":true,"audioPlay":false,"sceneViewState":{"m_AlwaysRefresh":false,"showFog":true,"showSkybox":true,"showFlares":true,"showImageEffects":true,"showParticleSystems":true,"showVisualEffectGraphs":true,"m_FxEnabled":true},"in2DMode":false,"pivot":{"x":0.09197947382926941,"y":4.983089447021484,"z":-7.718713283538818},"rotation":{"x":0.255140095949173,"y":0.007251698058098555,"z":-0.0019135861657559872,"w":0.9668748378753662},"size":2.211413621902466,"orthographic":true}