{"cameraMode":{"drawMode":0,"name":"Shaded","section":"Shading Mode"},"sceneLighting":true,"audioPlay":false,"sceneViewState":{"m_AlwaysRefresh":false,"showFog":true,"showSkybox":true,"showFlares":true,"showImageEffects":true,"showParticleSystems":true,"showVisualEffectGraphs":true,"m_FxEnabled":true},"in2DMode":false,"pivot":{"x":-1.1480979919433594,"y":5.601528644561768,"z":-7.3516459465026859},"rotation":{"x":0.255140095949173,"y":0.007251698058098555,"z":-0.0019135861657559872,"w":0.9668748378753662},"size":1.7137525081634522,"orthographic":true}