{"cameraMode":{"drawMode":0,"name":"Shaded","section":"Shading Mode"},"sceneLighting":true,"audioPlay":false,"sceneViewState":{"m_AlwaysRefresh":false,"showFog":true,"showSkybox":true,"showFlares":true,"showImageEffects":true,"showParticleSystems":true,"showVisualEffectGraphs":true,"m_FxEnabled":true},"in2DMode":false,"pivot":{"x":-2.6941165924072267,"y":2.4999642372131349,"z":-2.5339574813842775},"rotation":{"x":0.20161490142345429,"y":0.6175760626792908,"z":-0.16793091595172883,"w":0.7414506077766419},"size":2.4364960193634035,"orthographic":true}