{"cameraMode":{"drawMode":0,"name":"Shaded","section":"Shading Mode"},"sceneLighting":false,"audioPlay":false,"sceneViewState":{"m_AlwaysRefresh":false,"showFog":true,"showSkybox":false,"showFlares":true,"showImageEffects":true,"showParticleSystems":true,"showVisualEffectGraphs":true,"m_FxEnabled":true},"in2DMode":false,"pivot":{"x":-2.980232238769531e-7,"y":0.7889547944068909,"z":-0.14197739958763123},"rotation":{"x":0.029377667233347894,"y":-0.032979775220155719,"z":0.0009698080830276012,"w":0.9990242123603821},"size":1.0027505159378052,"orthographic":true}