{"cameraMode":{"drawMode":0,"name":"Shaded","section":"Shading Mode"},"sceneLighting":false,"audioPlay":false,"sceneViewState":{"m_AlwaysRefresh":false,"showFog":true,"showSkybox":false,"showFlares":true,"showImageEffects":true,"showParticleSystems":true,"showVisualEffectGraphs":true,"m_FxEnabled":true},"in2DMode":false,"pivot":{"x":-1.1920928955078126e-7,"y":0.7983821630477905,"z":-0.09632088243961334},"rotation":{"x":0.20161490142345429,"y":0.6175760626792908,"z":-0.16793091595172883,"w":0.7414506077766419},"size":1.02695631980896,"orthographic":true}