{"cameraMode":{"drawMode":0,"name":"Shaded","section":"Shading Mode"},"sceneLighting":false,"audioPlay":false,"sceneViewState":{"m_AlwaysRefresh":false,"showFog":true,"showSkybox":false,"showFlares":true,"showImageEffects":true,"showParticleSystems":true,"showVisualEffectGraphs":true,"m_FxEnabled":true},"in2DMode":false,"pivot":{"x":-0.2761092185974121,"y":0.2344742715358734,"z":-0.1649160087108612},"rotation":{"x":0.20161490142345429,"y":0.6175760626792908,"z":-0.16793091595172883,"w":0.7414506077766419},"size":0.09821046888828278,"orthographic":true}