{"cameraMode":{"drawMode":0,"name":"Shaded","section":"Shading Mode"},"sceneLighting":false,"audioPlay":false,"sceneViewState":{"m_AlwaysRefresh":false,"showFog":true,"showSkybox":false,"showFlares":true,"showImageEffects":true,"showParticleSystems":true,"showVisualEffectGraphs":true,"m_FxEnabled":true},"in2DMode":false,"pivot":{"x":-1.4901161193847657e-8,"y":0.07889549434185028,"z":-0.01419777050614357},"rotation":{"x":0.271920770406723,"y":-0.15220829844474793,"z":0.043603379279375079,"w":0.9492059946060181},"size":0.10027508437633515,"orthographic":true}